,snail_ID,x,y,z,code,RW1,RW2,length_mm,CS,line_x,line_y,dist_from_line,DistAlongPath
1,ANG001,17.422,2.527,-3.366,SN,0.00809,0.124,10.509,16.57202189,16.0952,1.8636,1.483407496,83.85935305
2,ANG002,16.709,2.368,-3.327,SN,0.0814,0.0319,4.835,7.674456257,16.709,1.736,0.949792083,83.63743857
3,ANG003,16.041,3.16,-3.225,SN,0.00235,-0.0204,8.672,12.46666542,16.0722,3.1756,0.03488266,82.90883605
4,ANG004,15.827,2.973,-3.307,SN,-0.0765,0.112,11.515,16.80138738,15.827,2.946,0.027,82.54648811
5,ANG005,14.359,2.711,-3.23,SN,0.0499,0.0616,6.906,10.6111329,14.359,2.422,0.289,81.19578148
6,ANG006,13.881,-1.929,-3.222,SN,0.049,0.0704,6.124,9.727975044,11.89205882,-2.426235294,2.050153638,74.19673505
7,ANG007,13.394,-1.85,-3.387,SN,-0.0578,0.0854,13.657,20.260816,11.882,-2.228,1.558533926,74.38169705
8,ANG008,12.822,-1.638,-3.254,SN,0.0455,0.0866,7.35,11.45217919,11.89823529,-1.868941176,0.952194864,74.73011531
9,ANG009,12.732,-1.761,-3.276,SN,-0.0136,0.0416,12.184,17.6168195,11.864,-1.978,0.894713921,74.61584564
10,ANG010,12.726,-1.76,-3.275,SN,0.0334,0.0987,10.529,16.08462042,11.86388235,-1.975529412,0.88865053,74.61818881
11,ANG011,12.659,-2.02,-3.273,SN,0.11,0.0417,6.752,10.81898392,11.79876471,-2.235058824,0.886710245,74.35076825
12,ANG012,12.816,-0.02,-3.113,SN,0.112,0.00659,5.637,8.611327205,12.27858824,-0.154352941,0.553951368,76.48425628
13,ANG013,11.599,-1.01,-2.848,SN,0.0595,0.0491,5.486,8.382251519,11.97405882,-0.916235294,0.386601786,75.67108521
14,ANG014,13.769,4.063,-3.07,SN,0.041,0.0089,8.053,11.89482783,13.769,5.126,1.063,81.97977692
15,ANG015,13.735,3.798,-3.082,SN,0.08,0.00713,8.866,13.41241313,13.735,4.596,0.798,81.47608397
16,ANG016,13.178,2.281,-3.297,SN,0.0778,0.0808,8.092,12.62933016,12.84129412,2.196823529,0.347068479,78.90139717
17,ANG017,13.501,1.267,-3.368,SN,0.0654,0.0743,6.764,10.78046712,12.62170588,1.047176471,0.906355631,77.7336136
18,ANG018,12.895,2.24,-3.241,SN,0.0299,0.0499,7.89,11.7322176,12.815,2.22,0.082462113,78.9173985
19,ANG019,15.253,3.189,-3.25,SN,0.0508,0.0012,8.209,12.01102221,15.253,3.378,0.189,82.00346207
20,ANG020,14.14,3.849,-3.195,SN,0.0102,0.0713,10.404,15.39667581,14.14,4.698,0.849,81.76416287
21,ANG021,11.087,1.253,-3.118,SN,0.0736,0.0438,6.284,9.78959367,12.47641176,1.600352941,1.432172866,78.23622556
22,ANG022,13.888,3.091,-3.179,SN,0.0694,0.05,5.664,8.909867456,13.888,3.182,0.091,80.62543146
23,ANG023,13.468,0.278,-3.341,SN,0.0156,0.0119,8.027,11.62163205,12.38705882,0.007764706,1.114208661,76.66907135
24,ANG024,13.706,2.054,-3.338,SN,-0.0124,0.0579,12.031,18.033011,12.81894118,1.832235294,0.914359306,78.54297942
25,ANG025,13.444,-1.172,-3.448,SN,0.0692,0.0818,7.693,12.24894338,12.04447059,-1.521882353,1.442601898,75.10432022
26,ANG026,12.478,2.607,-3.258,SN,0.0652,0.00797,7.036,10.72245302,12.87682353,2.706705882,0.411097884,79.4047081
27,ANG027,13.06,2.088,-3.263,SN,0.0645,0.0442,7.382,11.1610546,12.78894118,2.020235294,0.27940104,78.71734632
28,ANG028,15.04,2.451,-3.266,SN,0.0796,0.0286,4.88,7.480740647,15.04,1.902,0.549,82.0356951
29,ANG029,15.031,2.535,-3.197,SN,0.0921,0.0635,4.018,6.55630985,15.031,2.07,0.465,81.95277209
30,ANG030,15.783,3.335,-3.162,SN,0.0457,-0.016,11.858,18.07060333,15.783,3.67,0.335,82.58148687
31,ANG031,15.783,3.336,-3.162,SN,0.0594,0.0125,8.147,12.25912647,15.783,3.672,0.336,82.58195565
32,ANG032,15.873,3.334,-3.18,SN,-0.0168,0.0411,11.075,16.40353761,16.1082,3.4516,0.262961594,83.18335351
33,ANG033,15.872,3.334,-3.18,SN,0.0661,0.0118,7.736,11.56364784,16.108,3.452,0.263856021,83.18369599
34,ANG034,15.66,3.805,-2.912,SN,0.0176,0.0389,7.704,11.84823047,16.254,4.102,0.664112189,83.84986587
35,ANG035,13.485,2.688,-3.263,SN,0.0216,0.0446,5.892,8.989412461,13.485,2.376,0.312,80.50928944
36,ANG036,13.729,2.743,-3.23,SN,-0.0401,0.0554,11.363,16.75522088,13.729,2.486,0.257,80.61095728
37,ANG037,9.704,-1.805,-2.78,SN,0.0304,0.0143,7.962,11.93828291,11.67552941,-1.312117647,2.032206002,75.22200325
38,ANG038,14.845,3.509,-3.17,SN,0.0707,-0.00537,5.062,7.631070332,14.845,4.018,0.509,81.82618598
39,ANG039,9.772,-1.81,-2.72,SN,0.0522,-0.0731,5.562,7.881874843,11.67835294,-1.333411765,1.965023634,75.20157224
40,ANG040,15.873,3.329,-3.185,SN,0.0572,-0.0332,5.587,8.215834745,16.1062,3.4456,0.260725526,83.17705298
41,ANG041,15.873,3.329,-3.185,SN,0.0457,0.0399,6.255,9.617525167,16.1062,3.4456,0.260725526,83.17705298
42,ANG042,13.859,3.673,-3.083,SN,0.0938,-0.00844,2.851,4.387985562,13.859,4.346,0.673,81.31571817
43,ANG043,13.963,2.757,-3.223,SN,-0.0233,0.0748,9.794,14.6249083,13.963,2.514,0.243,80.79765912
44,ANG044,13.962,2.756,-3.223,SN,0.0497,-0.000257,7.029,10.34761042,13.962,2.512,0.244,80.79766978
45,ANG045,14.021,2.446,-3.255,SN,0.0614,0.0388,4.34,6.585122538,14.021,1.892,0.554,81.22565918
46,ANG046,12.616,1.794,-3.216,SN,0.0577,-0.0037,3.501,5.472261914,12.69364706,1.813411765,0.080036756,78.49351755
47,ANG047,14.057,2.742,-3.21,SN,0.0778,0.024,4.488,6.960271126,14.057,2.484,0.258,80.89519731
48,ANG048,15.466,2.443,-3.404,SN,-0.0526,0.0162,4.703,6.697184129,15.466,1.886,0.557,82.42491994
49,ANG049,13.798,3.385,-3.076,SN,0.0515,-0.0518,4.106,6.03090097,13.798,3.77,0.385,80.82789261
50,ANG050,11.999,0.769,-3.138,SN,-0.0392,-0.0291,5.718,8.365700296,12.41617647,0.873294118,0.430015663,77.51437846
51,ANG051,10.972,-2.59,-2.639,SN,-0.00587,-0.00387,8.732,13.0072111,11.56541176,-2.441647059,0.611674846,74.09284899
52,ANG052,12.332,-3.725,-3.188,SN,-0.0608,0.0159,7.588,10.71753064,11.37835294,-3.963411765,0.982996888,72.57624026
53,ANG053,13.273,-2.14,-3.262,SN,-0.0716,0.0144,7.546,10.94651054,11.80664706,-2.506588235,1.511482015,74.09340645
54,ANG054,12.605,-1.616,-3.081,SN,0.041,-0.0244,4.935,7.329267428,11.89064706,-1.794588235,0.736338158,74.79960904
55,ANG055,12.602,-1.617,-3.08,SN,-0.0241,-0.0972,3.611,5.17871326,11.89023529,-1.794941176,0.733670266,74.79915876
56,ANG056,12.689,-3.967,-3.269,SN,-0.0379,0.0562,7.985,12.01977883,11.34241176,-4.303647059,1.388031382,72.2487465
57,ANG057,12.139,-3.912,-3.177,SN,0.00153,0.0708,7.84,12.13917952,11.323,-4.116,0.841113548,72.41392268
58,ANG058,11.08,-3.853,-2.852,SN,0.114,-0.0739,4.959,7.761130036,11.27458824,-3.804352941,0.200576962,72.69953359
59,ANG059,12.153,-4.434,-3.287,SN,-0.0426,0.0651,8.114,12.00591732,11.201,-4.672,0.981299139,71.85744935
60,ANG060,10.346,-3.788,-2.906,SN,0.0717,0.052,4.961,7.793373931,11.24670588,-3.562823529,0.928426373,72.93095868
61,ANG061,10.877,-4.152,-3.001,SN,0.0313,-0.0294,6.226,9.052868997,11.19229412,-4.073176471,0.324997738,72.41932278
62,ANG062,11.071,-4.822,-2.939,SN,0.0075,-0.0157,7.176,10.44187072,11.04605882,-4.828235294,0.025708776,71.65059403
63,ANG063,11.991,-4.915,-3.202,SN,-0.0233,0.0419,8.124,12.07151689,11.07829412,-5.143176471,0.94079569,71.63594655
64,ANG064,9.361,-3.829,-2.963,SN,0.0592,0.048,5.827,9.209599205,11.17911765,-3.374470588,1.874072775,73.10812932
65,ANG065,8.9,-3.631,-2.899,SN,-0.00794,-0.0323,5.336,7.907719025,11.19858824,-3.056352941,2.369330521,73.42652706
66,ANG066,10.721,-4.041,-2.977,SN,-0.0868,-0.0226,7.056,9.701429288,11.20923529,-3.918941176,0.503261422,72.57388222
67,ANG067,10.721,-4.04,-2.977,SN,-0.0095,0.0923,7.612,11.72446133,11.20947059,-3.917882353,0.503503958,72.57496647
68,ANG068,10.768,-4.059,-2.979,SN,0.0046,-0.00489,7.11,10.49670381,11.20776471,-3.949058824,0.453299083,72.54404242
69,ANG069,9.6,-4.158,-2.935,SN,0.00332,-0.0419,5.989,8.628555878,11.11576471,-3.779058824,1.562414496,72.69917823
70,ANG070,9.377,-4.246,-2.982,SN,-0.0222,0.0106,7.533,10.89627534,11.08194118,-3.819764706,1.757413139,72.65583754
71,ANG071,10.421,-3.616,-2.782,SN,-0.0232,-0.0963,5.128,7.155114774,11.29158824,-3.398352941,0.897381813,73.10073445
72,ANG072,10.662,-4.298,-2.984,SN,-0.0345,0.0666,6.129,9.180204918,11.14529412,-4.177176471,0.498168174,72.30831424
73,ANG073,9.374,-4.255,-2.981,SN,0.0263,-0.0395,4.418,6.550359349,11.07964706,-3.828588235,1.758140746,72.6468775
74,ANG074,12.066,-4.811,-3.281,SN,0.0128,-0.0409,5.736,8.354741503,11.10717647,-5.050705882,0.988332672,71.59132711
75,ANG075,10.186,-3.739,-2.945,SN,-0.00678,0.0265,7.983,11.58720594,11.24882353,-3.473294118,1.095533418,73.01961087
76,ANG076,9.473,-5.569,-3.089,SN,-0.0204,0.0719,7.072,10.65681261,10.59317241,-5.120931034,1.206462612,71.21287214
77,ANG077,9.232,-5.786,-2.885,SN,-0.03,0.0376,6.935,10.61183128,10.48510345,-5.284758621,1.349633718,71.02155561
78,ANG078,9.944,-5.003,-3.033,SN,-0.0785,0.0423,9.13,13.42229453,10.85331034,-4.639275862,0.979357214,71.75542625
79,ANG079,10.693,-5.801,-3.02,SN,0.0423,-0.0547,4.795,7.079159235,10.68144828,-5.80562069,0.012441588,70.60645438
80,ANG080,10.177,-4.845,-3.001,SN,-0.00223,-0.0449,7.137,10.47711683,10.93993103,-4.539827586,0.821701871,71.87926275
81,ANG081,12.173,-5.277,-3.296,SN,0.0159,-0.0411,9.697,13.8424396,11.00382353,-5.569294118,1.205159521,72.04206812
82,ANG082,12.267,-5.303,-3.323,SN,-0.0857,-0.0126,13.266,19.05344702,11.00323529,-5.618941176,1.302658842,72.0917108
84,ANG084,12.06,-4.815,-3.284,SN,-0.0633,0.00414,8.063,11.6499014,11.10588235,-5.053529412,0.98348196,71.59140547
85,ANG085,12.182,-4.4,-3.305,SN,-0.125,-0.0283,11.07,15.54737219,11.21070588,-4.642823529,1.00118706,71.88745623
86,ANG086,12.188,-4.402,-3.306,SN,-0.105,-0.0148,9.235,13.18746921,11.21058824,-4.646352941,1.007492986,71.88436006
87,ANG087,9.321,-5.892,-3.09,SN,-0.0277,-0.0932,5.597,7.949791162,10.46082759,-5.436068966,1.227631881,70.8713249
88,ANG088,9.694,-6.42,-3.015,SN,-0.0346,-0.063,7.529,10.53007904,10.3302069,-6.165517241,0.685215798,70.14305572
89,ANG089,13.209,-6.282,-3.292,SN,-0.0558,-0.0246,11.993,17.28363359,10.86262069,-7.220551724,2.527127857,69.377303
90,ANG090,13.452,-7.771,-3.163,SN,0.00579,-0.105,5.268,7.622777374,10.38268966,-8.998724138,3.30574841,67.56477337
91,ANG091,9.274,-6.483,-3.215,SN,-0.0668,0.127,10.129,15.43131172,10.25055172,-6.09237931,1.051778395,70.1830061
92,ANG092,9.265,-6.314,-3.306,SN,-0.00394,0.0407,12.589,19.02508493,10.30758621,-5.896965517,1.12289971,70.3859778
93,ANG093,9.128,-6.681,-3.271,SN,-0.0813,0.0654,10.244,14.91610028,10.16213793,-6.267344828,1.113800638,69.98810469
94,ANG094,9.661,-7.287,-3.012,SN,-0.0254,0.0212,5.816,8.810541863,10.02668966,-7.140724138,0.393859812,69.12409783
95,ANG095,9.66,-7.286,-3.012,SN,0.00785,-0.0763,6.081,9.040107306,10.02689655,-7.139241379,0.39515968,69.12555416
96,ANG096,9.084,-7.315,-3.23,SN,-0.017,-0.106,7.088,10.44232638,9.937448276,-6.97362069,0.919191924,69.24798652
97,ANG097,9.1,-7.371,-3.22,SN,-0.17,-0.00347,9.241,12.91753678,9.920344828,-7.042862069,0.883538419,69.17718076
98,ANG098,9.151,-7.748,-3.161,SN,-0.0345,0.00305,5.986,8.65414643,9.79737931,-7.489448276,0.696171823,68.71610075
99,ANG099,9.569,-7.307,-3.055,SN,-0.0199,0.0567,7.985,12.18749833,10.00710345,-7.131758621,0.471851854,69.12533399
100,ANG100,9.573,-7.31,-3.056,SN,-0.0206,-0.0122,7.931,11.51986453,10.00662069,-7.136551724,0.467023776,69.12069213
101,ANG101,10.94,-10.103,-3.157,SN,-0.0115,-0.0604,13.21,19.14402658,9.232068966,-10.78617241,1.83949802,65.4565481
102,ANG102,10.443,-8.72,-3.059,SN,-0.0169,-0.115,8.886,12.37582849,9.640413793,-9.041034483,0.864411799,67.21820643
103,ANG103,10.88,-10.084,-3.175,SN,-0.113,0.00758,13.058,18.56461258,9.230344828,-10.74386207,1.776732996,65.49429513
105,ANG105,9.185,-8.482,-3.179,SN,-0.073,-0.0162,10.326,14.59106782,9.548965517,-8.336413793,0.392002859,67.8365451
106,ANG106,9.686,-9.383,-3.249,SN,-0.0886,-0.15,12.995,17.45903034,9.30737931,-9.534448276,0.407786963,66.63456719
107,ANG107,8.741,-8.28,-3.187,SN,-0.00268,-0.0329,10.251,14.76443039,9.55737931,-7.953448276,0.879267426,68.19706156
108,ANG108,9.079,-8.109,-3.223,SN,-0.0665,-0.0639,11.667,16.35233073,9.662965517,-7.875413793,0.62895011,68.30760308
109,ANG109,9.218,-8.957,-3.29,SN,-0.113,-0.0792,12.873,17.60113603,9.389724138,-8.888310345,0.184952557,67.26462315
110,ANG110,8.471,-7.961,-3.168,SN,-0.0784,-0.144,11.905,15.91790398,9.630137931,-7.497344828,1.248429759,68.64972952
111,ANG111,9.726,-8.68,-3.135,SN,-0.0415,-0.126,10.764,14.71852035,9.555310345,-8.748275862,0.183838385,67.45613607
112,ANG112,10.621,-10.067,-3.277,SN,-0.0452,-0.0305,10.922,15.34251326,9.200482759,-10.6352069,1.529943891,65.58096029
113,ANG113,9.864,-8.744,-3.161,SN,-0.0965,-0.054,11.332,15.85228122,9.552275862,-8.868689655,0.335737171,67.34345839
114,ANG114,8.364,-8.022,-3.203,SN,-0.0306,0.0288,8.886,13.22071979,9.594344828,-7.529862069,1.325121933,68.60682446
115,ANG115,9.083,-8.458,-3.258,SN,-0.021,-0.114,11.744,16.41721516,9.543172414,-8.273931034,0.495620858,67.89268359
116,ANG116,8.033,-8.951,-3.205,SN,-0.0802,-0.0589,10.275,14.17287775,9.228344828,-8.472862069,1.28742578,67.59545101
117,ANG117,8.964,-9.298,-3.304,SN,-0.123,-0.00577,13.531,19.17293495,9.237103448,-9.188758621,0.294141416,66.92915659
118,ANG118,8.598,-8.774,-3.189,SN,0.000833,-0.117,10.558,15.13532697,9.367310345,-8.466275862,0.828572599,67.65015741
119,ANG119,8.847,-9.41,-3.245,SN,-0.123,-0.093,13.534,18.07473004,9.182344828,-9.275862069,0.361177433,66.82809393
120,ANG120,8.894,-10.069,-3.249,SN,-0.0349,0.0165,11.444,16.72270856,8.961586207,-10.04196552,0.072792573,66.03438464
121,ANG121,8.1,-9.333,-3.189,SN,-0.107,0.0159,12.59,17.81337313,9.105862069,-8.930655172,1.083346603,67.12355737
122,ANG122,8.307,-8.81,-3.194,SN,-0.1,-0.0104,12.012,16.49196862,9.314758621,-8.406896552,1.085389252,67.68727845
123,ANG123,8.707,-8.683,-3.297,SN,-0.0831,-0.0016,12.538,17.35403045,9.413724138,-8.400310345,0.761165191,67.72830058
124,ANG124,8.207,-9.617,-3.196,SN,-0.0797,0.088,9.878,14.57424205,9.022689655,-9.290724138,0.878524645,66.75713657
125,ANG125,8.416,-9.765,-3.232,SN,-0.0534,0.0156,10.998,15.68432773,9.000482759,-9.531206897,0.629507196,66.52438463
126,ANG126,7.301,-9.759,-3.234,SN,-0.103,-0.0254,12.876,17.92929009,8.848758621,-9.139896552,1.666987051,66.83919322
127,ANG127,7.674,-10.554,-3.271,SN,-0.0189,-0.0739,11.988,17.04089899,8.626068966,-10.17317241,1.025409657,65.79175559
128,ANG128,8.102,-9.011,-3.228,SN,-0.0644,-0.00606,11.717,16.56679489,9.217172414,-8.564931034,1.201077447,67.50518475
129,ANG129,8.41,-10.003,-3.233,SN,-0.0568,-0.148,12.016,16.16975598,8.917586207,-9.799965517,0.546687076,66.24375681
130,ANG130,9.145,-11.49,-3.285,SN,-0.115,-0.0295,12.375,17.28903003,8.506206897,-11.74551724,0.688001228,64.28554263
131,ANG131,9.936,-12.567,-3.119,SN,-0.104,0.0282,13.865,19.81272862,8.243931034,-13.24382759,1.822414049,62.81186175
132,ANG132,8.338,-12.828,-3.288,SN,-0.0807,-0.0406,11.817,16.64265591,7.933517241,-12.9897931,0.435641263,62.91651172
133,ANG133,7.04,-11.912,-3.208,SN,-0.102,-0.0264,12.306,16.49899233,8.070344828,-11.49986207,1.109715341,64.35493028
134,ANG134,6.554,-12.004,-3.221,SN,-0.0722,0.0314,8.435,12.23938785,7.971586207,-11.43696552,1.52678707,64.38125506
135,ANG135,6.751,-11.591,-3.258,SN,-0.0979,-0.101,11.479,14.98803578,8.141172414,-11.03493103,1.497261512,64.81671018
136,ANG136,7.433,-9.904,-2.885,SN,-0.104,0.059,8.612,12.28757106,8.816965517,-9.350413793,1.49057648,66.63022003
137,ANG137,8.526,-9.73,-3.328,SN,-0.0977,-0.0991,14.102,18.91666793,9.027724138,-9.529310345,0.540373434,66.53590764
138,ANG138,8.784,-10.762,-3.204,SN,-0.0986,-0.0603,12.185,16.62338661,8.707448276,-10.79262069,0.08244873,65.2430416
139,ANG139,8.981,-11.241,-3.12,SN,-0.131,-0.041,13.794,18.37616785,8.569448276,-11.40562069,0.443254772,64.62341077
140,ANG140,8.813,-11.396,-3.189,SN,-0.0678,-0.0559,11.728,15.84506232,8.492827586,-11.52406897,0.344836243,64.48466831
141,ANG141,8.057,-12.347,-3.155,SN,-0.0781,-0.143,15.648,20.21419404,8.06062069,-12.34555172,0.003899602,63.56092961
142,ANG142,8.684,-11.808,-3.147,SN,-0.0156,0.0869,7.909,12.04076407,8.332965517,-11.94841379,0.378075709,64.03143335
143,ANG143,8.335,-11.375,-3.184,SN,-0.145,-0.0966,14.425,18.56320045,8.434137931,-11.33534483,0.106774819,64.63765046
144,ANG144,7.665,-11.475,-3.202,SN,-0.0457,-0.00255,11.189,15.5584016,8.307241379,-11.21810345,0.691715135,64.70127189
145,ANG145,7.28,-10.899,-3.179,SN,-0.0353,-0.0637,8.155,11.68840462,8.452758621,-10.42989655,1.26309969,65.49117563
146,ANG146,6.855,-12.309,-3.195,SN,0.00569,0.0103,14.455,21.31155498,7.907931034,-11.88782759,1.13404143,63.93488847
147,ANG147,6.954,-11.648,-3.229,SN,-0.0451,0.00262,14.929,20.84879388,8.149517241,-11.1697931,1.287611475,64.69234075
148,ANG148,7.504,-12.326,-3.205,SN,-0.101,0.0462,11.62,16.60253175,7.991586207,-12.13096552,0.525146416,63.73577562
149,ANG149,7.699,-12.63,-3.148,SN,-0.122,0.0503,10.625,14.90798583,7.913655172,-12.54413793,0.231190696,63.32221931
150,ANG150,7.779,-13.022,-3.203,SN,-0.0663,-0.0404,9.941,13.53413236,7.789517241,-13.0177931,0.011327416,62.83608444
151,ANG151,7.38,-13.429,-3.284,SN,-0.0389,-0.0266,14.44,20.15192942,7.594137931,-13.34334483,0.23063361,62.46153785
152,ANG152,8.455,-13.67,-3.17,SN,-0.0618,0.0578,11.673,16.88304741,7.659310345,-13.98827586,0.856983986,61.89090794
153,ANG153,8.325,-12.837,-3.364,SN,-0.0583,-0.0629,14.297,19.52030041,7.92862069,-12.99555172,0.426913582,62.9093096
154,ANG154,9.501,-12.953,-3.261,SN,-0.105,-0.0983,12.327,16.53632836,8.050827586,-13.53306897,1.561883489,62.46770351
155,ANG155,8.394,-13.902,-3.265,SN,-0.0997,-0.105,12.476,17.29739062,7.570896552,-14.23124138,0.886509544,61.63296822
156,ANG156,6.035,-13.228,-3.266,SN,-0.147,0.00941,13.025,18.42465658,7.477931034,-12.65082759,1.554084285,63.07294063
158,ANG158,6.54,-13.747,-3.262,SN,-0.0224,0.0368,12.91,18.55613645,7.36862069,-13.41555172,0.892451795,62.31478938
159,ANG159,7.057,-13.895,-3.276,SN,-0.089,0.00504,11.378,16.07175496,7.388896552,-13.76224138,0.357463526,61.99682207
160,ANG160,7.423,-14.168,-3.258,SN,-0.117,0.00912,12.216,17.01780474,7.345241379,-14.19910345,0.083748598,61.57430741
161,ANG161,7.349,-14.608,-3.183,SN,-0.133,-0.0896,12.713,16.30534755,7.183310345,-14.67427586,0.17845322,61.0731491
162,ANG162,7.874,-14.7,-3.273,SN,-0.113,0.0177,10.305,14.08894513,7.224,-14.96,0.700071425,60.8261483
163,ANG163,8.462,-14.503,-3.271,SN,-0.0807,0.0931,13.535,19.48109659,7.373034483,-14.93858621,1.172851756,60.90736533
164,ANG164,7.54,-14.888,-3.238,SN,-0.162,0.0523,13.587,18.96653665,7.113103448,-15.05875862,0.459781657,60.69137807
166,ANG166,7.301,-14.123,-3.286,SN,-0.0157,0.0699,12.142,18.09084915,7.343931034,-14.10582759,0.046238139,61.6603954
167,ANG167,7.207,-12.945,-3.233,SN,-0.0672,0.062,11.764,17.54120527,7.737172414,-12.73293103,0.571013165,63.08272901
168,ANG168,7.85,-13.302,-3.21,SN,-0.101,-0.00112,10.632,14.61109523,7.702758621,-13.36089655,0.158583819,62.48543239
169,ANG169,6.843,-13.001,-3.18,SN,-0.037,-0.108,12.548,16.79899666,7.667655172,-12.67113793,0.888180803,63.11653615
170,ANG170,7.079,-13.688,-3.253,SN,-0.0773,0.0486,7.254,10.55760818,7.463310345,-13.53427586,0.413914909,62.23633362
171,ANG171,5.812,-14.199,-3.193,SN,-0.0215,0.00311,12.149,17.45112753,7.112344828,-13.67886207,1.400514241,61.98200871
172,ANG172,5.954,-14.608,-3.213,SN,-0.12,0.0482,11.389,16.00779809,6.990896552,-14.19324138,1.116771764,61.4558427
173,ANG173,6.816,-14.724,-3.263,SN,-0.129,0.0332,10.269,14.47766627,7.069793103,-14.62248276,0.273343538,61.07936143
174,ANG174,7.475,-15.157,-3.164,SN,-0.108,-0.0149,10.764,14.74863896,7.01137931,-15.34244828,0.499334764,60.39057284
175,ANG175,6.878,-15.049,-3.258,SN,-0.0989,0.0289,11.687,16.32784958,6.966275862,-15.01368966,0.095076013,60.67726037
176,ANG176,6.855,-15.409,-3.436,SN,-0.092,0.0169,12.379,17.50586595,6.838965517,-15.41541379,0.017269666,60.25692512
177,ANG177,6.585,-15.578,-3.174,SN,-0.12,0.0331,11.57,15.97874283,6.743448276,-15.51462069,0.170654016,60.12956759
178,ANG178,7.711,-14.874,-3.282,SN,-0.109,0.0194,12.469,17.22043316,7.141517241,-15.1017931,0.613351702,60.66315553
179,ANG179,6.667,-13.939,-3.213,SN,-0.0673,-0.0189,10.454,14.98495331,7.319931034,-13.67782759,0.703228246,62.05165194
180,ANG180,6.071,-13.804,-3.293,SN,-0.119,0.048,13.56,18.70354077,7.284275862,-13.31868966,1.306738095,62.37827405
181,ANG181,6.113,-16.112,-3.233,SN,-0.129,0.0623,10.591,15.20140167,6.494206897,-15.95951724,0.410572393,59.62518447
182,ANG182,5.854,-15.986,-3.216,SN,-0.106,-0.0375,9.451,12.88587221,6.501931034,-15.72682759,0.697843081,59.84670372
183,ANG183,5.245,-15.275,-3.234,SN,-0.127,-0.0343,14.648,19.40173444,6.663103448,-14.70775862,1.527344157,60.86467442
184,ANG184,6.473,-16.132,-3.224,SN,-0.0815,0.0701,10.385,15.33072878,6.536965517,-16.10641379,0.06889297,59.50322859
185,ANG185,6.338,-16.733,-3.317,SN,-0.099,0.000941,11.922,16.95343168,6.311103448,-16.74375862,0.028968473,58.82755166
186,ANG186,7.036,-15.918,-3.252,SN,-0.1,0.0618,10.093,14.34949172,6.688413793,-16.05703448,0.374361802,59.60652288
187,ANG187,7.337,-15.858,-3.133,SN,-0.0973,-0.0322,12.931,17.81712118,6.75062069,-16.09255172,0.631549845,59.59895156
188,ANG188,6.416,-15.781,-3.204,SN,-0.0753,0.00712,12.47,18.03511204,6.650137931,-15.68734483,0.252174269,59.93483643
189,ANG189,6.316,-16.422,-3.296,SN,-0.0891,0.0171,11.499,16.42353121,6.415310345,-16.38227586,0.106960515,59.20198441
190,ANG190,7.007,-17.441,-3.117,SN,-0.0753,0.0316,7.929,11.22005301,6.159241379,-17.78010345,0.913063978,57.82161921
191,ANG191,5.351,-16.95,-3.193,SN,-0.0693,-0.0272,12.512,17.36668603,6.100137931,-16.65034483,0.806846244,58.84295721
192,ANG192,5.314,-16.876,-3.204,SN,-0.101,-0.102,11.006,15.08867479,6.120551724,-16.55337931,0.868682792,58.94146739
193,ANG193,7.04,-18.111,-3.168,SN,-0.0993,0.0304,11.558,16.57120313,5.932758621,-18.55389655,1.192535462,57.03809614
194,ANG194,6.76,-17.233,-3.257,SN,-0.138,0.00828,10.9,15.16904729,6.196896552,-17.45824138,0.606480974,58.12673257
195,ANG195,6.192,-17.096,-3.25,SN,-0.0502,-0.00158,10.771,15.21825647,6.165793103,-17.10648276,0.028225691,58.43680446
196,ANG196,5.665,-16.287,-3.199,SN,-0.123,-0.00339,9.152,12.56797025,6.372068966,-16.00417241,0.761536582,59.54209944
197,ANG197,5.309,-15.905,-3.193,SN,-0.0942,0.00231,12.957,17.31670293,6.454689655,-15.44672414,1.233945522,60.09727125
198,ANG198,4.882,-16.663,-3.183,SN,-0.0763,0.0326,11.869,17.24679726,6.134413793,-16.16203448,1.348890937,59.31937543
199,ANG199,4.026,-16.155,-3.274,SN,-0.103,0.0359,11.476,16.5210071,6.191517241,-15.2887931,2.332333448,60.17681238
200,ANG200,5.594,-16.501,-3.235,SN,-0.0373,-0.016,11.079,15.62244691,6.288482759,-16.2232069,0.747980822,59.30779979
201,ANG201,3.315,-16.726,-3.305,SN,-0.12,0.0286,10.965,15.22770986,5.896551724,-15.69337931,2.780416299,59.71621966
202,ANG202,4.166,-16.86,-3.241,SN,-0.0309,-0.056,14.173,19.69689124,5.967724138,-16.13931034,1.940516284,59.29739421
203,ANG203,4.938,-17.129,-3.173,SN,-0.152,-0.0551,14.12,18.2028956,5.981448276,-16.71162069,1.123828187,58.7489834
204,ANG204,5.31,-16.841,-3.213,SN,-0.103,0.00105,11.373,15.76524838,6.132068966,-16.51217241,0.885395372,58.98421662
205,ANG205,5.471,-18.005,-3.118,SN,-0.141,0.046,12.866,17.64018117,5.752896552,-17.89224138,0.303611878,57.55545789
206,ANG206,5.292,-19.414,-3.218,SN,-0.121,-0.0246,9.999,13.75809589,5.242344828,-19.43386207,0.053480257,55.93309397
207,ANG207,5.069,-19.278,-3.119,SN,-0.133,0.0326,11.964,16.60761986,5.258482759,-19.2022069,0.204079177,56.15588893
208,ANG208,3.946,-18.949,-3.263,SN,-0.0591,0.0178,12.031,16.69878246,5.217034483,-18.44058621,1.368946033,56.8917112
209,ANG209,3.812,-18.446,-3.241,SN,-0.127,-0.0133,11.591,15.52377195,5.372,-17.822,1.68017142,57.52680697
210,ANG210,3.817,-18.691,-3.201,SN,-0.0318,-0.0236,12.611,17.56768791,5.288206897,-18.10251724,1.584538321,57.23651244
211,ANG211,2.769,-19.042,-3.203,SN,-0.0458,0.0562,12.413,18.1799064,4.528470588,-17.53388235,2.317359616,56.91667454
212,ANG212,3.749,-19.534,-3.254,SN,-0.00526,-0.0352,9.354,13.1345109,4.700423529,-18.71849412,1.25309879,56.10533835
213,ANG213,4.08,-20.283,-3.187,SN,-0.102,0.0361,11.189,15.57757131,4.470517647,-19.94827059,0.514342115,55.01368529
214,ANG214,5.52,-20.41,-3.217,SN,-0.0178,-0.0293,10.524,14.78613269,5.017647059,-20.84058824,0.662193325,54.69340067
215,ANG215,6.101,-20.036,-3.276,SN,-0.0576,0.0708,9.717,14.55946268,5.139448276,-20.42062069,1.035622901,55.76040057
216,ANG216,5.234,-21.185,-3.214,SN,-0.0991,0.0423,11.581,16.3352672,4.513576471,-21.80250588,0.948853822,53.63816409
217,ANG217,4.638,-21.038,-3.35,SN,0.00251,0.0454,11.002,16.50594036,4.333788235,-21.29875294,0.400670556,53.89868369
218,ANG218,3.727,-20.849,-3.122,SN,-0.0767,0.016,12.592,17.47549646,4.041341176,-20.57956471,0.414011779,54.25447494
219,ANG219,3.004,-21.06,-3.138,SN,-0.0245,0.0253,11.181,16.31982566,3.630870588,-20.52268235,0.825637322,54.03392524
220,ANG220,2.826,-20.763,-3.221,SN,-0.0616,0.048,10.251,15.08089362,3.702235294,-20.01194118,1.154070036,54.47239868
221,ANG221,2.166,-21,-3.208,SN,-0.0894,0.0243,12.002,16.78831848,3.3056,-20.0232,1.500941838,54.21186152
222,ANG222,2.706,-21.826,-3.17,SN,-0.0227,-0.046,10.662,15.16025485,3.126164706,-21.46585882,0.553389598,52.98690139
223,ANG223,3.353,-21.767,-3.264,SN,-0.102,0.017,13.223,18.4316776,3.429341176,-21.70156471,0.100547267,53.00323972
224,ANG224,3.451,-22.468,-3.123,SN,-0.0569,-0.00273,12.502,17.50005937,3.124470588,-22.74788235,0.430064633,52.01161632
225,ANG225,4.414,-22.779,-3.3,SN,-0.104,0.0316,12.883,18.16772347,3.378658824,-23.66643529,1.363624858,51.49130379
226,ANG226,3.689,-23.663,-3.294,SN,-0.0444,-0.0697,13.231,18.04834429,2.6348,-24.5666,1.388463395,50.32453881
227,ANG227,3.701,-24.007,-3.202,SN,-0.0269,0.005,12.123,17.26057393,2.469905882,-25.06222353,1.621446707,49.84610246
228,ANG228,2.941,-23.78,-3.231,SN,-0.0669,0.0515,10.668,15.60880989,2.260188235,-24.36355294,0.896682047,50.22690782
229,ANG229,2.879,-23.023,-3.159,SN,0.00555,-0.00393,8.959,13.10193362,2.607976471,-23.25530588,0.356959068,51.28983725
230,ANG230,1.949,-22.098,-3.23,SN,-0.0738,-0.0406,12.411,17.10863319,2.671152941,-21.47901176,0.951131592,52.68488425
231,ANG231,1.29,-23.569,-3.288,SN,-0.0423,0.0383,10.221,14.70982045,1.6652,-23.2474,0.494167583,50.68312636
232,ANG232,1.655,-24.019,-3.264,SN,-0.0921,0.0484,10.449,14.67906198,1.597435294,-24.06834118,0.075817195,50.01403332
233,ANG233,2.116,-23.542,-3.322,SN,-0.0891,0.000684,10.926,15.61380808,2.028376471,-23.61710588,0.115407004,50.63714262
234,ANG234,2.757,-24.529,-3.337,SN,-0.12,-0.0352,12.331,16.53014684,1.812164706,-25.33885882,1.244421571,49.20038033
236,ANG236,0.805,-24.206,-3.202,SN,-0.134,-0.0167,11.048,14.75219786,1.145035294,-23.91454118,0.44785293,49.83779156
237,ANG237,0.132,-24.218,-3.24,SN,-0.0412,-0.0675,9.609,13.17664612,0.854070588,-23.59908235,0.951023127,49.89300842
238,ANG238,0.612,-24.925,-3.258,SN,-0.00345,0.0346,11.604,17.55072118,0.708023529,-24.84269412,0.126470457,48.84735547
239,ANG239,1.293,-24.654,-3.273,SN,-0.101,0.035,12.334,16.91091629,1.130352941,-24.79341176,0.214218827,49.15983918
240,ANG240,1.555,-26.223,-3.272,SN,-0.0407,-0.00496,13.187,18.56882424,0.466047059,-27.15638824,1.434235722,46.94879549
241,ANG241,-0.014,-25.481,-3.307,SN,-0.107,-0.00358,13.463,18.20545153,0.168164706,-25.32485882,0.239925086,48.13024487
242,ANG242,0.76,-25.298,-3.242,SN,-0.102,0.0124,11.605,16.08361809,0.5864,-25.4468,0.228644703,48.3098033
243,ANG243,0.696,-25.962,-3.289,SN,-0.101,0.00289,13.355,18.20501925,0.2312,-26.3604,0.612177752,47.38743443
244,ANG244,0.579,-27.663,-3.331,SN,-0.0639,-0.0132,16.371,22.73620689,-0.658847059,-28.72401176,1.630340856,45.03195482
245,ANG245,1.945,-27.167,-3.235,SN,-0.0599,0.0125,12.579,18.13317256,0.164776471,-28.69290588,2.344692853,45.61365816
246,ANG246,-0.64,-25.994,-3.312,SN,-0.084,0.036,11.588,16.30921627,-0.350447059,-25.74581176,0.381363745,47.47379551
247,ANG247,-0.306,-26.847,-3.272,SN,-0.0525,-0.0213,14.166,20.02381552,-0.630470588,-27.12511765,0.427353002,46.24462926
248,ANG248,0.495,-26.163,-3.256,SN,-0.1,0.00905,11.722,16.42197447,0.046752941,-26.54721176,0.590376241,47.12537599
249,ANG249,0.401,-27.091,-3.394,SN,-0.06,0.0161,15.875,22.62748923,-0.4516,-27.8218,1.122940515,45.84052899
250,ANG250,1.269,-26.841,-3.347,SN,-0.0182,0.0218,12.664,18.18924688,0.039552941,-27.89481176,1.619277402,46.11526549
251,ANG251,-26.436,-55.289,-3.231,SN,-0.0483,-0.00876,13.922,19.19896058,-25.75098824,-54.70184706,0.902213774,8.989725294
252,ANG252,-25.449,-56.949,-3.293,SN,-0.0294,0.0298,10.817,15.42884547,-26.1532,-57.5526,0.927486172,6.578057236
253,ANG253,-26.069,-56.523,-3.303,SN,-0.054,0.0191,14.017,19.26277293,-26.20529412,-56.63982353,0.179509954,7.191710248
254,ANG254,-27.184,-55.697,-3.264,SN,-0.149,0.0361,11.294,15.70953456,-26.26938824,-54.91304706,1.204614832,8.520774006
255,ANG255,-26.068,-57.78,-3.256,SN,-0.161,0.00194,13.971,19.29242956,-26.82597647,-58.42969412,0.998313967,5.492682088
256,ANG256,-27.432,-57.139,-3.311,SN,-0.00676,0.00617,10.586,15.2217778,-27.08694118,-56.84323529,0.454469309,6.473349333
257,ANG257,-27.565,-56.397,-3.29,SN,-0.0619,0.0489,9.061,13.07315744,-26.77663529,-55.72125882,1.038337636,7.566994132
258,ANG258,-25.901,-58.315,-3.318,SN,-0.091,-0.0164,14.27,19.72873255,-27.0196,-59.2738,1.473283204,4.824494854
259,ANG259,-27.378,-58.242,-3.227,SN,-0.089,0.0253,12.088,17.08631511,-27.60908235,-58.44007059,0.304353432,4.916443827
260,ANG260,-28.475,-58.472,-3.235,SN,-0.0837,-0.0223,13.323,18.5832216,-28.18734118,-58.22543529,0.378869045,4.707269737
261,ANG261,-27.685,-58.978,-3.282,SN,-0.0732,-0.0184,13.981,19.42362226,-28.10277647,-59.33609412,0.550244106,3.935771682
262,ANG262,-27.257,-58.633,-3.318,SN,-0.129,0.026,14.134,19.49596389,-27.75103529,-59.05645882,0.650682908,4.384085574
263,ANG263,-28.091,-57.471,-3.295,SN,-0.0534,-0.0371,13.401,18.41872304,-27.53009412,-56.99022353,0.738756674,6.094104292
264,ANG264,-29.276,-59.773,-3.341,SN,-0.0618,-0.0366,12.215,16.79598185,-29.16943529,-59.68165882,0.140354006,2.953925008
265,ANG265,-29.905,-60.892,-3.331,SN,-0.0508,0.0588,9.734,14.16392611,-29.98875294,-60.96378824,0.110309138,1.447879634
266,ANG266,-29.035,-61.45,-3.2,SN,-0.0582,-0.0774,11.183,15.58520057,-29.896,-62.188,1.134003968,1.119892852
267,ANG267,-30.039,-60.935,-3.276,SN,-0.058,0.0253,11.219,15.69176319,-30.06675294,-60.95878824,0.036552782,1.398238897
268,ANG268,-28.817,-61.308,-3.27,SN,-0.0149,0.0552,12.819,19.08036367,-29.73350588,-62.09357647,1.207109533,1.269946419
269,ANG269,-29.652,-59.977,-3.255,SN,-0.0559,0.0505,10.045,14.43019069,-29.42948235,-59.78627059,0.293073049,2.71424457
270,ANG270,-30.973,-60.845,-3.318,SN,0.00249,-0.025,12.56,17.39161271,-30.41785882,-60.36916471,0.731164108,1.731621236
271,ANG271,12.878,-6.038,-3.27,SN,-0.0412,0.0178,13.301,18.80528443,10.90110345,-6.828758621,2.129182748,69.75002883
272,ANG272,13.04,-5.853,-3.39,SN,-0.0417,-0.0514,14.565,19.9154654,10.98724138,-6.674103448,2.210888696,69.92639328
273,ANG273,12.727,-4.398,-3.374,SN,0.033,0.00718,15.461,22.87291754,11.24323529,-4.768941176,1.529429651,71.80824826
274,ANG274,12.165,-4.375,-3.292,SN,-0.0507,0.0791,8.972,13.35396474,11.21558824,-4.612352941,0.978631247,71.91632461
275,ANG275,11.508,-10.65,-3.307,SN,0.00893,-0.0592,9.811,14.0848884,9.121793103,-11.60448276,2.57002348,64.67001437
276,ANG276,10.41,-8.747,-3.059,SN,-0.012,-0.0157,5.433,7.836368335,9.626551724,-9.06037931,0.843799617,67.19498882
277,ANG277,9.649,-8.632,-3.118,SN,-0.0453,-0.0632,9.857,13.60922694,9.561241379,-8.667103448,0.094518927,67.53362738
278,ANG278,9.273,-7.445,-3.185,SN,-0.0191,-0.0733,8.744,12.16728922,9.918689655,-7.186724138,0.695429041,69.04219101
279,ANG279,9.539,-6.817,-3.21,SN,0.0064,-0.046,6.014,8.661789697,10.17193103,-6.563827586,0.681687586,69.7144748
280,ANG280,9.433,-7.357,-3.123,SN,-0.036,0.0499,7.56,11.08877891,9.971103448,-7.141758621,0.57955515,69.10299273
281,ANG281,10.609,-6.968,-2.977,SN,0.00575,0.038,6.68,9.748910629,10.26744828,-7.10462069,0.367862465,69.24697668
282,ANG282,10.591,-6.956,-2.974,SN,0.0429,-0.0534,5.846,8.463021909,10.26910345,-7.084758621,0.346693196,69.2659911
283,ANG283,11.639,-6.813,-2.957,SN,-0.0154,-0.000243,7.33,10.67940773,10.46296552,-7.283413793,1.266627902,69.15762646
284,ANG284,10.46,-4.336,-2.997,SN,0.0184,-0.0264,4.586,6.702291666,11.12447059,-4.169882353,0.684920605,72.31215871
285,ANG285,10.705,-4.35,-2.99,SN,-0.0183,0.0733,6.322,9.539955666,11.13558824,-4.242352941,0.443840194,72.24244502
286,ANG286,10.963,-4.088,-2.984,SN,-0.0297,0.0297,9.222,13.71148683,11.21241176,-4.025647059,0.257087763,72.46999856
287,ANG287,12.243,-7.371,-2.877,SN,0.0223,0.00624,5.744,8.559598839,10.35386207,-8.126655172,2.03466382,68.34186487
288,ANG288,11.018,-4.384,-3.008,SN,-0.0335,0.0484,8.704,12.50818145,11.146,-4.352,0.13193938,72.1370051
289,ANG289,10.961,-4.014,-2.924,SN,-0.0144,0.0353,8.143,11.93371201,11.22970588,-3.946823529,0.276975684,72.55069691
290,ANG290,10.922,-4.051,-2.98,SN,-0.00552,-0.00801,11.007,15.91326167,11.21870588,-3.976823529,0.305837423,72.51905097
291,ANG291,10.456,-3.624,-2.776,SN,-0.0365,-0.008,4.955,6.991663455,11.29176471,-3.415058824,0.86148654,73.08433343
292,ANG292,13.894,2.485,-3.225,SN,-0.021,0.0114,7.377,10.68531559,13.894,1.97,0.515,81.08284045
293,ANG293,12.748,0.692,-3.185,SN,0.0203,-0.041,5.582,8.288201006,12.44211765,0.615529412,0.315296313,77.27050848
294,ANG294,13.76,2.851,-3.212,SN,0.000606,-0.0271,6.998,10.20750847,13.76,2.702,0.149,80.53530813
295,ANG295,12.165,-4.065,-3.207,SN,-0.015,0.0467,7.974,11.71797123,11.28852941,-4.284117647,0.903445203,72.24460102
296,ANG296,12.289,-5.259,-3.348,SN,-0.0165,-0.0102,6.385,9.139670852,11.01488235,-5.577529412,1.31333041,72.0504823
297,ANG297,12.369,-2.144,-3.155,SN,-0.0165,-0.0969,8.568,11.96186239,11.75252941,-2.298117647,0.635443338,74.27748375
298,ANG298,12.374,-2.145,-3.156,SN,-0.0363,-0.00595,7.511,10.70333474,11.75258824,-2.300352941,0.640536586,74.27534627
299,ANG299,12.912,-1.483,-3.225,SN,0.0124,-0.0594,4.174,6.05986207,11.94,-1.726,1.001914667,74.87903127
300,ANG300,10.595,-3.974,-2.957,SN,0.0321,0.0225,6.291,9.335386093,11.21758824,-3.818352941,0.641749264,72.67427455
301,ANG301,16.979,4.771,-2.85,SN,0.0182,-0.0272,5.804,8.47487602,16.9042,4.7336,0.083628942,84.67420811
302,ANG302,17.111,4.613,-3.117,SN,-0.0744,-0.0125,10.474,14.81629733,17.25375281,4.384595506,0.269345461,85.62070786
303,ANG303,17.165,4.737,-2.772,SN,-0.0647,0.0947,9.487,14.03503896,17.23685393,4.622033708,0.135573729,85.40108782
304,ANG304,17.434,4.559,-3.052,SN,-0.0371,0.045,10.441,15.04627069,17.51029213,4.436932584,0.143947712,85.71493708
305,ANG305,17.435,4.566,-3.066,SN,7.64E-05,0.0099,7.671,11.07007825,17.50786517,4.44941573,0.137481725,85.7040865
306,ANG306,17.386,4.571,-3.187,SN,-0.028,0.0618,8.751,12.84458394,17.47038202,4.435988764,0.159211682,85.68945712
307,ANG307,17.112,4.736,-2.89,SN,0.0465,0.045,5.945,9.328522379,17.19919101,4.596494382,0.164511671,85.40503355
308,ANG308,17.411,4.479,-3.124,SN,-0.00537,-0.0324,9.58,13.48093464,17.52970787,4.289067416,0.223977552,85.84161558
309,ANG309,17.491,4.421,-2.887,SN,0.0714,-0.114,6.573,9.345054316,17.61330337,4.225314607,0.230761538,85.94310845
310,ANG310,17.561,4.52,-2.733,SN,0.019,-0.0316,6.595,9.577804878,17.61914607,4.426966292,0.109709781,85.79866915
311,ANG311,17.119,4.723,-2.855,SN,-0.0421,-0.00835,5.294,7.692393944,17.21006742,4.577292135,0.171825656,85.42706821
312,ANG312,16.994,4.76,-2.848,SN,0.0246,-0.0266,5.483,8.229861136,16.9028,4.7144,0.1019647,84.65655214
313,ANG313,17.228,4.659,-2.962,SN,0.00695,-0.0878,7.287,10.24875088,17.31721348,4.516258427,0.168327663,85.53351278
314,ANG314,17.625,4.333,-2.874,SN,-0.0082,-0.0139,5.8,8.437215198,17.74921348,4.134258427,0.234365531,86.09995494
315,ANG315,17.604,4.326,-2.952,SN,-0.0481,0.0451,8.126,11.99222102,17.73725843,4.112786517,0.251431497,86.10859913
316,ANG316,17.694,4.279,-2.989,SN,0.0362,0.00672,8.168,12.30175047,17.82310112,4.072438202,0.243587513,86.19514779
317,ANG317,17.61,4.288,-3.157,SN,-0.00371,-0.0313,9.028,12.93575571,17.75865169,4.050157303,0.280475439,86.17066926
318,ANG318,17.775,4.224,-2.934,SN,-0.0491,-0.00731,11.489,16.46024007,17.90606742,4.014292135,0.247297505,86.29391237
319,ANG319,18.063,3.976,-3.156,SN,0.00545,-0.0566,8.578,12.50565616,18.22462921,3.717393258,0.30496139,86.72839788
320,ANG320,17.914,4.111,-3.226,SN,-0.0759,-0.0148,14.423,19.74698332,18.05680899,3.882505618,0.269451461,86.49310376
321,ANG321,17.631,4.278,-3.198,SN,-0.00855,0.0106,8.931,12.9027408,17.77824719,4.042404494,0.277825444,86.18900062
322,ANG322,17.719,4.19,-3.208,SN,-0.047,0.0407,8.494,12.42543712,17.88107865,3.930674157,0.305809388,86.34059348
323,ANG323,18.079,4.009,-3.12,SN,0.038,0.0335,6.915,10.41652424,18.22130337,3.781314607,0.268497463,86.68037399
324,ANG324,18.143,3.993,-3.076,SN,0.0274,-0.0792,9.981,13.91205818,18.27451685,3.782573034,0.248145504,86.71757313
325,ANG325,18.67,3.734,-3.221,SN,0.0109,-0.0842,12.045,16.83178704,18.76988764,3.574179775,0.188467623,87.22780646
326,ANG326,17.956,4.063,-3.023,SN,-0.00764,0.0295,8.029,11.87381492,18.10858427,3.818865169,0.287895424,86.57492884
327,ANG327,17.934,4.122,-2.873,SN,0.0378,-0.0202,5.023,7.300603188,18.06624719,3.910404494,0.249523501,86.47954078
328,ANG328,17.681,4.447,-2.809,SN,0.0203,-0.0816,5.205,7.408768931,17.73824719,4.355404494,0.108013784,85.93509768
329,ANG329,17.544,4.533,-2.762,SN,0.0196,-0.0561,4.538,6.396843827,17.60107865,4.441674157,0.107695785,85.77542036
330,ANG330,17.628,4.286,-3.119,SN,-0.0354,0.00642,10.65,15.04530437,17.77249438,4.054808989,0.272631455,86.17575069
331,ANG331,18.749,3.753,-2.928,SN,0.0607,0.00986,5.116,7.79111659,18.8181573,3.642348315,0.130485739,87.22416227
332,ANG332,18.845,3.754,-2.816,SN,0.112,-0.0404,3.881,5.815649591,18.88674157,3.687213483,0.078757842,87.25356214
333,ANG333,18.81,3.67,-3.257,SN,-0.0323,0.00185,9.11,13.11458996,18.89932584,3.527078652,0.168539663,87.35856613
334,ANG334,18.719,3.74,-3.211,SN,-0.0509,0.00488,10.412,14.3508115,18.80242697,3.606516854,0.157409685,87.23331567
335,ANG335,18.783,3.761,-2.896,SN,0.00757,-0.00339,4.061,5.884040928,18.83901124,3.671382022,0.105681789,87.22378191
336,ANG336,18.384,3.877,-3.107,SN,0.015,0.0317,10.208,15.47381046,18.49995506,3.69147191,0.218783562,86.94554559
337,ANG337,18.38,3.872,-3.091,SN,-0.0289,-0.0191,8.754,12.50267714,18.49932584,3.681078652,0.22514355,86.95192084
338,ANG338,18.138,4.003,-2.959,SN,-0.00525,-0.0424,9.649,13.47396427,18.26642697,3.797516854,0.242315515,86.70140891
339,ANG339,18.138,4.003,-2.959,SN,-0.00556,-0.0735,8.769,12.16509878,18.26642697,3.797516854,0.242315515,86.70140891
340,ANG340,17.595,4.3,-3.016,SN,0.0418,-0.000678,6.561,9.991644702,17.74247191,4.064044944,0.278249444,86.14972713
341,ANG341,17.636,4.282,-3.164,SN,0.0611,0.0111,8.89,13.12281861,17.78004494,4.05152809,0.271783456,86.18307503
342,ANG342,17.485,4.343,-3.095,SN,0.0487,0.0445,7.461,11.21497539,17.64404494,4.08852809,0.3000854,86.07109368
343,ANG343,17.605,4.298,-3.004,SN,0.0818,-0.0256,5.786,8.567571033,17.7505618,4.065101124,0.274645451,86.15394778
344,ANG344,17.664,4.477,-2.792,SN,0.0363,0.00895,4.564,6.841618449,17.71253933,4.399337079,0.091583817,85.88697829
345,ANG345,17.643,4.443,-2.812,SN,0.0567,0.000958,4.448,6.846516256,17.7127191,4.331449438,0.131545737,85.93224476
346,ANG346,17.681,4.462,-2.79,SN,-0.0439,0.0495,8.141,11.72034962,17.73150562,4.381191011,0.095293809,85.91317662
347,ANG347,17.405,4.392,-3.204,SN,0.0754,-0.0239,7.153,10.76411738,17.56449438,4.136808989,0.300933398,85.98642424
348,ANG348,17.437,4.548,-2.971,SN,-0.0285,0.00505,9.735,14.04807317,17.51739326,4.419370787,0.151685697,85.73274604
349,ANG349,17.516,4.343,-2.937,SN,-0.0144,-0.0653,8.167,11.14767521,17.66633708,4.102460674,0.283655433,86.07288741
350,ANG350,17.665,4.243,-3.111,SN,0.062,0.00869,8.887,12.85039518,17.81842697,3.997516854,0.289485421,86.24917916
351,ANG351,17.866,4.142,-3.187,SN,0.0516,-0.00366,5.386,7.841821904,18.00835955,3.914224719,0.268603463,86.43682882
352,ANG352,17.928,4.114,-3.19,SN,0.00681,0.0532,6,9.166870352,18.06552809,3.893955056,0.259487481,86.49084166
353,ANG353,17.91,4.115,-2.971,SN,0.0419,-0.0149,4.724,6.951052341,18.05213483,3.88758427,0.268179464,86.48620219
354,ANG354,17.911,4.115,-2.971,SN,-0.0254,-0.0403,9.49,12.96965019,18.05285393,3.888033708,0.267649465,86.48637002
355,ANG355,18.009,4.07,-2.997,SN,-0.0396,-0.0257,11.319,15.98662395,18.14355056,3.854719101,0.253869492,86.5734891
356,ANG356,17.501,4.445,-2.896,SN,0.0202,-0.0465,4.013,5.78817887,17.60970787,4.271067416,0.20510959,85.90534897
357,ANG357,17.672,4.233,-3.063,SN,-0.0041,0.0241,7.262,10.68428436,17.82795506,3.98347191,0.294255411,86.26608537
358,ANG358,17.682,4.216,-3.122,SN,-0.0881,0.0117,9.671,13.68875097,17.84278652,3.958741573,0.303371393,86.29463295
359,ANG359,17.685,4.217,-3.122,SN,-0.0329,-0.0135,9.66,13.69404379,17.84449438,3.961808989,0.300933398,86.29332711
360,ANG360,17.516,4.35,-2.931,SN,0.0044,0.00751,4.487,6.5226038,17.66319101,4.114494382,0.277719445,86.06135975
361,ANG361,17.227,4.689,-2.704,SN,0.0753,-0.0168,4.268,6.41138625,17.30301124,4.567382022,0.143417713,85.4832204
362,ANG362,17.419,4.538,-3.151,SN,0.022,-0.025,8.083,11.55569733,17.50894382,4.394089888,0.169705661,85.74633735
363,ANG363,17.187,4.667,-2.972,SN,0.0745,0.0374,5,7.739383633,17.28413483,4.51158427,0.183273633,85.5200913
364,ANG364,17.435,4.542,-3.029,SN,0.0664,-0.00274,7.083,10.80332335,17.51865169,4.408157303,0.157833684,85.74198216
365,ANG365,17.435,4.551,-3.017,SN,0.0885,-0.0547,4.582,6.966075024,17.51460674,4.423629213,0.1502017,85.72771328
366,ANG366,17.145,4.705,-2.811,SN,0.0368,-0.0505,4.322,6.333849392,17.23685393,4.558033708,0.173309653,85.45647233
367,ANG367,18.144,3.99,-3.03,SN,-0.0663,-0.00673,10.692,15.02073386,18.27658427,3.777865169,0.2501595,86.72232106
368,ANG368,18.139,4.002,-2.918,SN,0.0382,-0.0716,3.816,5.410540462,18.26759551,3.796247191,0.242633515,86.70313055
369,ANG369,18.667,3.737,-3.171,SN,-0.0684,0.0903,9.533,14.12762496,18.76638202,3.577988764,0.187513625,87.22268706
370,ANG370,20.224,2.953,-2.997,SN,0.0482,-0.0229,8.451,12.34256979,20.23838202,2.929988764,0.027135946,88.79848477
371,ANG371,17.448,4.405,-3.064,SN,0.0228,0.0174,5.039,7.731280981,17.58957303,4.178483146,0.267119466,85.96622104
372,ANG372,17.516,4.329,-3.212,SN,-0.0989,0.102,11.073,16.50795505,17.67262921,4.078393258,0.295527409,86.0960001
373,ANG373,17.514,4.329,-3.212,SN,-0.0209,-0.0293,9.86,14.22432976,17.67119101,4.077494382,0.296587407,86.09587955
374,ANG374,17.425,4.547,-3.033,SN,-0.0105,-0.0108,5.973,8.775842934,17.50921348,4.412258427,0.158893682,85.73268975
375,ANG375,17.382,4.587,-2.985,SN,0.024,-0.0224,4.568,6.71137403,17.46031461,4.461696629,0.147763704,85.66332004
376,ANG376,17.384,4.579,-3.009,SN,-0.0326,0.0789,8.136,12.05744612,17.46534831,4.448842697,0.153487693,85.67637487
377,ANG377,17.383,4.579,-3.009,SN,0.0595,0.0176,5.249,7.685453827,17.46462921,4.448393258,0.154017692,85.67625486
378,ANG378,17.386,4.58,-3.01,SN,-0.0116,0.0378,7.515,10.91766889,17.46633708,4.451460674,0.151579697,85.67501655
379,ANG379,17.265,4.642,-2.941,SN,-0.0277,-0.0234,7.506,10.69365002,17.35146067,4.503662921,0.163133674,85.56321397
380,ANG380,17.297,4.63,-2.953,SN,0.0564,-0.0581,3.81,5.607068216,17.37986517,4.49741573,0.156349687,85.58503126
381,ANG381,17.11,4.706,-2.89,SN,0.0752,-0.037,4.474,6.559188332,17.21123596,4.544022472,0.191011618,85.45757013
382,ANG382,16.943,4.447,-3.246,SN,-0.00635,0.0768,7.834,11.79714212,16.7674,4.3592,0.196326768,84.27984634
383,ANG383,17.123,4.728,-2.854,SN,0.0157,-0.0167,5.052,7.383353473,17.21069663,4.587685393,0.165465669,85.41806999
384,ANG384,17.468,4.52,-2.885,SN,0.0194,-0.0626,5.674,8.02774714,17.55226966,4.385168539,0.158999682,85.78149034
385,ANG385,17.444,4.405,-3.06,SN,0.0779,0.0678,7.034,11.07283284,17.58669663,4.176685393,0.269239462,85.96601016
386,ANG386,17.298,4.616,-2.966,SN,0.0687,-0.0357,4.679,6.799900103,17.3868764,4.473797753,0.167691665,85.60815766
387,ANG387,17.53,4.482,-2.901,SN,0.0239,-0.0233,5.475,8.098008922,17.61393258,4.347707865,0.158363683,85.85080724
388,ANG388,18.364,3.892,-3.012,SN,0.00854,-0.0428,9.445,13.44985239,18.47883146,3.708269663,0.216663567,86.91858559
389,ANG389,18.372,3.882,-3.009,SN,-0.0427,-0.0468,6.711,9.196792485,18.48907865,3.694674157,0.220903558,86.93525018
390,ANG390,18.371,3.881,-3.009,SN,-0.00085,0.067,7.737,11.79015949,18.48880899,3.692505618,0.222281555,86.93647769
391,ANG391,18.654,3.739,-3.198,SN,-0.0237,0.0138,11.077,16.01547429,18.75613483,3.57558427,0.192707615,87.21622807
392,ANG392,18.655,3.74,-3.198,SN,-0.0754,0.0216,10.114,14.39710988,18.75640449,3.577752809,0.191329617,87.21507221
393,ANG393,18.654,3.74,-3.198,SN,-0.0345,-0.00972,12.953,17.8373457,18.75568539,3.577303371,0.191859616,87.21479633
394,ANG394,17.952,4.06,-3.139,SN,0.0233,0.027,6.266,9.413042541,18.10705618,3.811910112,0.292559415,86.57896495
395,ANG395,18.109,4.009,-2.961,SN,-0.0229,-0.0125,8.862,12.55266229,18.2428764,3.794797753,0.252597495,86.68629838
396,ANG396,18.198,3.953,-3.032,SN,-0.0218,0.0281,9.876,14.3995239,18.33204494,3.73852809,0.252915494,86.78961258
397,ANG397,16.975,4.755,-2.829,SN,0.0738,0.034,4.517,7.012593803,16.897,4.716,0.087206651,84.6552743
398,ANG398,16.846,4.883,-2.718,SN,0.00905,0.039,7.137,10.53601088,16.9224,4.9212,0.085417797,84.85012966
399,ANG399,16.768,4.922,-2.75,SN,-0.0453,-0.00643,6.249,8.860971322,16.9224,4.9992,0.172624448,84.9207041
400,ANG400,17.162,4.642,-3.101,SN,-0.047,0.0446,8.088,11.60936772,17.27739326,4.457370787,0.217723565,85.56446101
401,ANG401,20.482,2.46,-3.195,SN,0.042,0.0443,7.636,11.72546509,20.64548315,2.198426966,0.308459383,89.55268749
402,ANG402,24.51,1.715,-2.982,SN,-0.0321,-0.0965,6.309,8.80992697,24.31407507,2.218806971,0.540562709,92.99801398
403,ANG403,24.51,1.716,-2.982,SN,0.0678,0.0385,3.984,5.997214676,24.31373727,2.220675603,0.541494714,92.99751991
404,ANG404,24.509,1.715,-2.98,SN,0.000322,0.0878,4.571,6.904458505,24.31320643,2.218469169,0.540200263,92.99717704
405,ANG405,24.456,1.553,-3.064,SN,0.0436,0.0122,5.739,8.501534277,24.32189276,1.897847185,0.370005855,93.04805814
406,ANG406,24.537,1.422,-3.1,SN,0.0569,-0.00121,5.164,7.631489868,24.43650402,1.680418231,0.27727139,93.20491564
407,ANG407,24.551,1.402,-3.093,SN,0.061,0.00116,4.503,6.73426922,24.45542091,1.647774799,0.263705544,93.2309945
408,ANG408,24.553,1.402,-3.093,SN,0.0582,-0.0243,4.323,6.303755181,24.45715818,1.648450402,0.264430437,93.2325196
409,ANG409,24.553,1.402,-3.093,SN,0.0895,-0.0186,3.362,5.12474455,24.45715818,1.648450402,0.264430437,93.2325196
410,ANG410,24.585,1.442,-2.94,SN,0.0677,-0.00183,3.028,4.458052179,24.47144236,1.734005362,0.313308904,93.2269796
411,ANG411,24.962,1.271,-3.099,SN,-0.0431,0.032,6.567,9.584699801,24.85668097,1.541820375,0.290578345,93.64595802
412,ANG412,25.024,1.203,-2.955,SN,0.00269,0.00228,4.865,7.12919408,24.9335067,1.435697051,0.249673696,93.74698074
414,ANG414,24.96,1.266,-3.125,SN,0.0363,-0.00937,3.937,5.805117667,24.85663271,1.531801609,0.285193429,93.64833879
415,ANG415,24.961,1.266,-3.118,SN,0.0369,-0.0101,5.346,7.685277591,24.85750134,1.53213941,0.285555876,93.64909907
416,ANG416,24.994,1.083,-3.083,SN,0.0922,-0.0256,4.82,7.31712859,24.94798391,1.201327078,0.126959747,93.82812628
417,ANG417,24.967,1.112,-3.091,SN,0.026,-0.0804,7.022,9.897806222,24.91473458,1.246396783,0.144201834,93.78258663
418,ANG418,24.964,1.123,-3.066,SN,0.0575,-0.0515,4.403,6.52633802,24.90841287,1.265938338,0.153366547,93.7706404
419,ANG419,24.964,1.123,-3.066,SN,0.0424,-0.058,5.022,7.319398833,24.90841287,1.265938338,0.153366547,93.7706404
420,ANG420,24.965,1.123,-3.066,SN,0.0298,-0.0275,4.38,6.383082491,24.9092815,1.266276139,0.153728993,93.77136706
421,ANG421,25.085,1.043,-3.101,SN,0.0852,-0.087,3.795,5.793970539,25.04054155,1.157321716,0.12266217,93.92981924
422,ANG422,25.139,1.036,-3.088,SN,0.0411,0.0169,6.428,9.715284566,25.08981233,1.162482574,0.135710236,93.97499712
423,ANG423,25.162,1.029,-3.081,SN,0.0712,0.000183,5.931,8.848369973,25.1121555,1.157171582,0.137522467,93.99788475
424,ANG424,25.34,0.962,-3.158,SN,0.0126,0.0366,9.176,13.29766953,25.28940483,1.092101877,0.139593589,94.18658198
425,ANG425,25.324,0.968,-3.199,SN,0.0519,0.0449,6.127,9.237903645,25.27347989,1.097908847,0.139386476,94.16964032
426,ANG426,25.381,0.952,-3.169,SN,0.0313,-0.0428,4.583,6.709764967,25.32839678,1.087265416,0.145133839,94.22514393
427,ANG427,25.353,0.957,-3.083,SN,0.0283,0.036,7.518,11.18845682,25.30238606,1.087150134,0.139645367,94.20046011
428,ANG428,25.385,0.952,-3.098,SN,0.0606,-0.0673,4.415,6.462510733,25.33187131,1.088616622,0.146583624,94.22802834
429,ANG429,25.384,0.952,-3.098,SN,0.0608,0.038,6.087,9.202725283,25.33100268,1.08827882,0.146221177,94.22730712
430,ANG430,25.414,0.95,-3.057,SN,0.0327,-0.00926,5.942,8.632726623,25.35773727,1.094675603,0.155230556,94.25076558
431,ANG431,25.484,0.933,-2.934,SN,0.0326,0.0175,4.258,6.50606897,25.42428418,1.08655496,0.164757715,94.31661032
432,ANG432,25.483,0.933,-2.933,SN,0.0902,0.0355,2.804,4.309723883,25.42341555,1.086217158,0.164395268,94.31588572
433,ANG433,25.484,0.933,-2.933,SN,0.123,-0.0777,2.686,4.206540854,25.42428418,1.08655496,0.164757715,94.31661032
434,ANG434,25.482,0.933,-2.933,SN,0.0958,-0.014,3.813,5.806115176,25.42254692,1.085879357,0.164032822,94.3151612
435,ANG435,25.543,0.862,-3.239,SN,0.105,0.0232,3.652,5.607796064,25.49951743,0.973812332,0.119969712,94.42333666
436,ANG436,25.563,0.865,-3.133,SN,0.12,0.0427,2.911,4.592360378,25.51587668,0.986174263,0.130014652,94.43488835
437,ANG437,26.731,0.452,-3.146,SN,0.126,-0.0291,3.773,5.846587035,26.66995174,0.608981233,0.168433955,95.6490122
438,ANG438,26.728,0.452,-3.146,SN,0.047,0.0369,6.863,10.58028593,26.66734584,0.607967828,0.167346617,95.64686105
439,ANG439,26.722,0.618,-2.871,SN,0.144,-0.0432,3.196,4.804195131,26.60605898,0.916134048,0.319884714,95.49753769
440,ANG440,26.895,0.376,-2.972,SN,0.112,-0.074,2.616,3.785811434,26.83808043,0.522364611,0.157042787,95.83597652
441,ANG441,27.026,0.196,-3.176,SN,0.106,-0.0326,4.763,7.208967797,27.0126756,0.230262735,0.036762406,96.09884784
442,ANG442,26.915,0.334,-3.081,SN,0.116,-0.0151,3.548,5.34592221,26.86964075,0.45063807,0.125147516,95.88914982
443,ANG443,26.915,0.334,-3.081,SN,0.108,-0.00378,3.247,4.990669677,26.86964075,0.45063807,0.125147516,95.88914982
444,ANG444,26.963,0.29,-3.059,SN,0.0611,-0.0549,4.946,7.161825048,26.92619839,0.384632708,0.101536731,95.96445547
445,ANG445,26.98,0.254,-3.087,SN,0.0885,-0.0134,3.834,5.771114609,26.95312601,0.323104558,0.074146149,96.01068878
446,ANG446,26.562,0.501,-3.227,SN,0.00394,0.0265,4.688,6.911744657,26.50660054,0.643455764,0.152848766,95.48317594
447,ANG447,26.398,0.527,-3.24,SN,0.0716,-0.0163,2.944,4.424654399,26.35536193,0.636640751,0.117639701,95.34230512
448,ANG448,26.746,0.591,-3.018,SN,0.126,-0.0196,3.079,4.670541545,26.63602681,0.873788204,0.303419299,95.53798041
449,ANG449,26.868,0.474,-2.882,SN,0.146,0.0173,2.166,3.539439821,26.78152279,0.696369973,0.238593196,95.72835716
450,ANG450,29.567,-0.138,-3.043,SN,0.0547,-0.0219,6.243,9.353002179,29.33269705,0.464493298,0.646448796,98.24974206
451,ANG451,28.377,-0.228,-3.16,SN,0.0457,-0.0264,6.63,9.570897412,28.32942627,-0.10566756,0.131257325,97.4508479
452,ANG452,28.379,-0.228,-3.13,SN,0.0721,-0.0371,4.149,6.309264258,28.33116354,-0.104991957,0.131982217,97.45225859
453,ANG453,28.492,-0.269,-3.213,SN,0.0742,-0.0299,4.4,6.570920439,28.4431689,-0.143434316,0.134726453,97.57067061
454,ANG454,29.576,-0.261,-3.176,SN,0.0743,-0.0297,6.3,9.221186083,29.38206434,0.237691689,0.535074238,98.35402621
455,ANG455,29.567,-0.184,-3.106,SN,0.00306,-0.0182,7.87,10.82497521,29.34823592,0.378536193,0.603576581,98.28560465
457,ANG457,29.76,-0.244,-3.154,SN,0.0309,0.00846,5.882,8.565484089,29.53615013,0.331613941,0.617608429,98.4792869
458,ANG458,29.677,-0.163,-3.044,SN,0.092,-0.0165,4.46,6.770859198,29.43669169,0.454935657,0.663017768,98.35304788
459,ANG459,29.692,-0.167,-3.053,SN,0.0796,-0.0428,5.108,7.541175042,29.45107239,0.45252815,0.664726443,98.36759106
460,ANG460,29.833,-0.162,-3.025,SN,0.0767,-0.00611,4.107,6.061395979,29.57186059,0.50950134,0.720491389,98.47196726
461,ANG461,29.676,-0.16,-3.042,SN,0.114,-0.00569,2.899,4.429683721,29.43480965,0.460203753,0.665451335,98.34997902
462,ANG462,29.482,-0.003,-3.131,SN,0.0238,0.0357,9.021,13.20163118,29.21326005,0.688045576,0.741461494,98.08278714
463,ANG463,29.645,-0.244,-3.143,SN,0.00891,-0.00588,4.912,7.341318412,29.43625737,0.292766756,0.575927109,98.39225556
464,ANG464,30.111,-0.096,-2.869,SN,0.0545,-0.0853,4.6,6.7353196,29.79104558,0.726739946,0.882763758,98.64013742
465,ANG465,29.471,0.045,-2.994,SN,0.0277,0.0162,8.092,11.82945985,29.18749062,0.774024129,0.78221081,98.03946756
466,ANG466,31.603,-0.42,-2.921,SN,0.0457,0.0407,6.378,9.792972812,31.603,0.16,0.58,101.3073236
467,ANG467,32.037,-0.629,-3.108,SN,0.0203,0.0175,7.95,11.5728631,32.037,-0.258,0.371,101.4965678
468,ANG468,32.082,-0.807,-3.268,SN,0.0873,-0.0527,5.328,8.022458525,32.082,-0.614,0.193,101.4461146
469,ANG469,31.884,-0.681,-3.115,SN,0.0666,0.00568,2.764,4.133260367,31.884,-0.362,0.319,101.3177302
470,ANG470,32.439,-0.806,-3.205,SN,0.0728,-0.0497,3.969,5.94789867,32.439,-0.612,0.194,101.7983039
472,ANG472,33.969,-0.512,-2.945,SN,0.0442,0.0164,4.075,6.103045195,33.969,-0.024,0.488,103.4158757
473,ANG473,33.972,-0.512,-2.945,SN,0.016,0.0304,3.169,4.648880457,33.972,-0.024,0.488,103.4187889
474,ANG474,33.971,-0.512,-2.945,SN,0.051,-0.0105,3.303,4.794516527,33.971,-0.024,0.488,103.4178178
475,ANG475,33.778,-1.092,-3.217,SN,0.0375,0.028,5.639,8.612792289,33.778,-1.184,0.092,103.1111129
476,ANG476,34.256,-0.633,-2.962,SN,0.0185,-0.0295,5.217,7.804111488,34.256,-0.266,0.367,103.6474649
477,ANG477,34.422,-0.762,-3.01,SN,0.0542,-0.0447,5.821,8.239089356,34.422,-0.524,0.238,103.7761803
478,ANG478,34.278,-0.902,-3.138,SN,0.0143,-0.00204,5.168,7.544297516,34.278,-0.804,0.098,103.6111225
479,ANG479,34.275,-0.902,-3.137,SN,0.103,0.00379,3.988,6.326977781,34.275,-0.804,0.098,103.6081257
480,ANG480,34.281,-1.071,-3.235,SN,0.0233,0.0274,4.567,6.824570847,34.281,-1.142,0.071,103.6119893
481,ANG481,34.62,-1.171,-3.295,SN,0.00111,0.0687,5.132,7.768235834,34.62,-1.342,0.171,103.9612761
482,ANG482,34.88,-1.06,-3.27,SN,0.025,0.0144,3.746,5.612101213,34.88,-1.12,0.06,104.2101101
483,ANG483,35.187,-1.083,-3.284,SN,0.0184,0.0241,6.538,9.773766783,35.187,-1.166,0.083,104.5182905
484,ANG484,35.19,-1.022,-3.24,SN,0.0221,-0.00209,6.27,9.099461095,35.19,-1.044,0.022,104.5188214
485,ANG485,35.148,-0.949,-3.204,SN,0.0903,-0.00318,4.04,6.292024782,35.148,-0.898,0.051,104.4776453
486,ANG486,35.294,-0.817,-3.145,SN,-0.0185,-0.0261,3.795,5.531297065,35.294,-0.634,0.183,104.6352715
487,ANG487,35.368,-0.851,-3.153,SN,-0.0395,0.0504,5.309,7.948791748,35.368,-0.702,0.149,104.7049002
488,ANG488,35.612,-0.862,-3.196,SN,-0.029,-0.0139,4.614,6.744494954,35.612,-0.724,0.138,104.9474177
489,ANG489,35.889,-0.795,-3.144,SN,0.0499,0.0179,5.664,8.587290681,35.889,-0.59,0.205,105.23189
490,ANG490,35.85,-0.916,-3.242,SN,0.0635,0.0476,2.664,4.163138385,35.85,-0.832,0.084,105.1810467
491,ANG491,35.776,-0.897,-3.207,SN,0.0521,-0.0184,5.766,8.584726121,35.776,-0.794,0.103,105.1083072
492,ANG492,36.17,-0.707,-3.116,SN,0.0689,0.00753,4.492,6.928257796,36.17,-0.414,0.293,105.5264003
493,ANG493,36.619,-0.472,-2.973,SN,0.0481,-0.0138,3.684,5.578243763,36.619,0.056,0.528,106.0313431
494,ANG494,36.781,-0.739,-3.173,SN,0.0999,-0.0293,3.232,5.072616013,36.781,-0.478,0.261,106.129697
495,ANG495,36.979,-0.727,-3.19,SN,0.11,0.00572,3.401,5.209630414,36.979,-0.454,0.273,106.3289604
496,ANG496,37.014,-0.728,-3.2,SN,0.0309,0.0421,4.982,7.454836629,37.014,-0.456,0.272,106.3636994
497,ANG497,37.348,-0.708,-3.164,SN,0.0094,-0.0267,4.233,6.302499653,37.348,-0.416,0.292,106.6998058
498,ANG498,37.462,-0.734,-3.219,SN,0.0318,0.02,5.014,7.673605729,37.462,-0.468,0.266,106.8095752
499,ANG499,37.517,-0.719,-3.184,SN,0.0877,0.0047,4.019,6.135703372,37.517,-0.438,0.281,106.8666143
500,ANG500,37.787,-0.637,-3.118,SN,0.062,-0.0018,3.59,5.360783222,37.787,-0.274,0.363,107.149405
501,ANG501,37.977,-0.21,-2.863,SN,0.153,-0.0145,2.92,4.689000265,37.977,0.58,0.79,107.4606045
502,ANG502,37.967,-0.704,-3.148,SN,0.0667,-0.00679,4.468,6.613503767,37.967,-0.408,0.296,107.3175994
503,ANG503,37.732,-0.776,-3.23,SN,0.0437,0.0138,4.541,6.749760748,37.732,-0.552,0.224,107.0736028
504,ANG504,38.097,-0.73,-3.186,SN,0.103,0.0031,3.215,4.928670178,38.097,-0.46,0.27,107.4436216
505,ANG505,38.372,-0.708,-3.211,SN,0.0061,-0.00568,8.362,12.24639723,38.372,-0.416,0.292,107.720979
506,ANG506,38.227,-0.737,-3.224,SN,-0.029,0.0161,7.251,10.17964498,38.227,-0.474,0.263,107.5724329
507,ANG507,38.316,-0.833,-3.306,SN,0.069,0.0195,4.247,6.431709279,38.316,-0.666,0.167,107.6513395
508,ANG508,38.059,-0.771,-3.206,SN,0.0744,-0.00953,4.097,6.334842427,38.059,-0.542,0.229,107.4006387
509,ANG509,38.739,-0.662,-3.239,SN,0.0382,-0.0364,4.477,6.449307944,38.739,-0.324,0.338,108.0937417
510,ANG510,38.635,-0.578,-3.136,SN,0.104,-0.0185,3.525,5.389525259,38.635,-0.156,0.422,108.0047839
511,ANG511,39.061,-0.601,-3.216,SN,0.034,-0.00896,4.018,6.002440125,39.19646067,-0.516337079,0.159741681,108.8506757
512,ANG512,38.975,-0.664,-3.272,SN,0.0331,0.0291,3.415,5.243669625,39.14398876,-0.558382022,0.199279601,108.7931338
513,ANG513,39.254,-0.442,-3.13,SN,0.0812,-0.00556,4.769,7.162827346,39.32213483,-0.39941573,0.080347839,109.010157
514,ANG514,39.094,-0.413,-3.062,SN,0.021,-0.00637,4.692,6.760681807,39.29022472,-0.290359551,0.231397537,109.0953291
515,ANG515,39.118,-0.611,-3.247,SN,0.0976,0.0104,4.251,6.519560249,39.20797753,-0.554764045,0.106105788,108.8200509
516,ANG516,39.35,-0.415,-3.178,SN,0.0556,0.0176,6.899,10.67049908,39.36123596,-0.407977528,0.013249974,109.0221636
517,ANG517,39.52,-0.373,-3.175,SN,0.0669,0.00474,3.483,5.263442521,39.42786517,-0.43058427,0.108649783,109.0408869
518,ANG518,39.75,-0.271,-3.191,SN,0.0508,0.0233,4.166,6.392114111,39.53831461,-0.403303371,0.249629501,109.1322701
519,ANG519,39.879,-0.149,-3.18,SN,0.058,0.0435,4.324,6.77626267,39.62938202,-0.305011236,0.294361411,109.2662548
520,ANG520,39.523,-0.367,-3.17,SN,0.0989,-0.02,3.354,5.216446753,39.43140449,-0.424247191,0.108013784,109.0480799
521,ANG521,40.424,0.465,-3.19,SN,0.0798,0.0226,3.537,5.525977108,40.05842697,0.236516854,0.431101138,109.956284
522,ANG522,40.569,0.533,-3.242,SN,0.0609,0.0314,5.197,7.94971286,40.1297191,0.258449438,0.518020964,110.0197766
523,ANG523,40.721,0.668,-3.253,SN,-0.000268,-0.011,3.833,5.56564139,40.23308989,0.36305618,0.575366849,110.1666863
524,ANG524,40.78,0.784,-3.249,SN,0.0146,-0.0352,4.963,7.077700928,40.30179775,0.485123596,0.563918872,110.3035449
525,ANG525,40.824,0.956,-3.211,SN,0.0321,0.0487,3.11,4.817617421,40.39146067,0.685662921,0.51007098,110.5144122
526,ANG526,41.019,1.223,-3.282,SN,0.00338,0.0407,5.178,7.854338873,40.56623596,0.940022472,0.533920932,110.8219825
527,ANG527,41.062,1.389,-3.255,SN,0.0957,0.0272,3.554,5.516539566,40.65292135,1.133325843,0.482405035,111.0273806
528,ANG528,41.135,1.791,-3.165,SN,0.0366,0.074,3.295,5.119729056,40.85410112,1.615438202,0.331249338,111.5345994
529,ANG529,41.353,2.039,-3.198,SN,0.0874,0.0144,3.771,5.88560669,41.02679775,1.835123596,0.384673231,111.8137224
530,ANG530,41.495,2.223,-3.236,SN,0.0668,0.0321,5.135,7.684601599,41.14938202,2.006988764,0.407569185,112.0248255
531,ANG531,41.632,2.441,-3.157,SN,0.000557,0.0258,3.491,5.148179913,41.2858427,2.224651685,0.408205184,112.2812866
532,ANG532,49.635,14.678,-3.062,SN,0.105,-0.0125,6.031,9.243119163,49.66515837,14.59355656,0.089667283,127.9761047
533,ANG534,49.904,14.441,-3.091,SN,-0.0364,-0.00301,8.904,12.73204481,49.97879638,14.23157014,0.222385626,128.4409954
534,ANG535,50.257,14.31,-3.032,SN,0.0723,-0.0218,5.08,7.62846498,50.33335747,14.0961991,0.227027068,128.8074039
535,ANG536,50.132,14.21,-3.167,SN,0.0261,-0.0243,3.762,5.54821672,50.25417195,13.86791855,0.363243309,128.8861402
536,ANG537,50.366,14.109,-3.275,SN,0.0672,-0.00574,4.537,6.767902845,50.49369231,13.75146154,0.379656525,129.1433804
537,ANG538,50.482,14.18,-3.027,SN,0.112,-0.0212,3.148,4.889105738,50.57408145,13.92217195,0.273777827,129.1043303
538,ANG539,50.557,14.156,-3.043,SN,0.0737,-0.0589,5.286,7.919342148,50.6481991,13.90064253,0.271154403,129.1777956
539,ANG540,50.672,14.112,-3.106,SN,0.0243,-0.0562,4.244,5.855804422,50.7641267,13.85404525,0.273912362,129.30025
540,ANG541,50.949,14.1,-3.049,SN,0.0275,0.00269,3.193,4.574804112,51.01359276,13.91914027,0.192048083,129.4819448
541,ANG542,51.063,14.081,-3.102,SN,0.0988,-0.0247,7.006,10.52268236,51.12071493,13.91939819,0.17159883,129.576751
542,ANG543,51.279,13.911,-3.267,SN,0.033,0.00629,3.769,5.552044945,51.3661267,13.66704525,0.259046293,129.9123519
543,ANG544,51.481,14.018,-3.007,SN,0.0625,-0.0167,3.469,5.149499424,51.51138462,13.93292308,0.090339956,129.9252793
544,ANG545,51.59,13.949,-3.157,SN,0.0643,0.0136,3.288,4.943241573,51.6299095,13.83725339,0.118659481,130.0720804
545,ANG546,51.77,13.908,-3.167,SN,0.0386,-0.0047,5.681,8.250762004,51.80253394,13.81690498,0.096730348,130.2386212
546,ANG547,52.103,14.199,-2.922,SN,0.089,0.00214,3.089,4.767392685,52.00569231,14.47146154,0.289316569,130.2484063
547,ANG548,52.214,14.141,-3.044,SN,0.0255,0.00996,6.455,9.456541029,52.12250679,14.397181,0.272028878,130.3767606
548,ANG549,52.207,13.808,-3.159,SN,0.0786,-0.01,4.419,6.59661617,52.22177376,13.76663348,0.043925533,130.6463826
549,ANG550,52.544,13.849,-3.161,SN,0.0474,0.00793,5.178,7.558260756,52.50766516,13.95073756,0.108031251,130.8578356
550,ANG551,53.243,13.817,-3.082,SN,0.0497,0.00509,5.241,7.622561119,53.13772851,14.11176018,0.312994651,131.4285905
551,ANG552,53.613,13.487,-2.949,SN,0.0187,0.0414,6.103,9.0052445,53.57039819,13.60628507,0.126664287,131.9747748
552,ANG553,54.653,13.171,-2.94,SN,0.0785,-0.0107,2.853,4.309618685,54.59284163,13.33944344,0.178863696,133.0307488
553,ANG554,55.071,13.112,-2.832,SN,0.0483,0.0258,3.328,5.107720334,54.98224434,13.36051584,0.263889537,133.3994317
554,ANG555,56.012,12.573,-3.181,SN,0.069,0.0302,6.001,9.080310224,55.98752036,12.64154299,0.072783196,134.571403
555,ANG556,56.327,12.559,-3.169,SN,0.0916,0.0272,2.736,4.373088396,56.27132127,12.71490045,0.165544775,134.8185256
556,ANG557,56.704,12.47,-3.223,SN,0.101,0.0189,4.106,6.344198074,56.63386425,12.66638009,0.208528566,135.1791823
557,ANG558,57.22,12.397,-3.133,SN,0.0567,0.0251,3.94,6.005399199,57.11461538,12.69207692,0.313330987,135.6330355
558,ANG559,57.889,12.031,-3.059,SN,0.058,0.0476,6.768,10.35145306,57.82386425,12.21338009,0.193662497,136.4500198
559,ANG560,58.143,12.273,-2.877,SN,0.0763,0.0142,3.541,5.250171288,57.97247964,12.75045701,0.506993485,136.4467774
560,ANG561,58.905,12.188,-3.057,SN,0.11,0.0106,3.187,4.783206455,58.67520362,12.83142986,0.683233757,137.1118512
561,ANG562,59.391,12.103,-2.987,SN,0.0714,-0.022,5.907,8.767466641,59.13314932,12.8249819,0.766645183,137.5605452
562,ANG563,59.545,10.66,-3.147,SN,0.0706,0.0171,4.69,7.029579793,59.72678733,10.15099548,0.54049259,138.9684624
563,ANG564,60.064,10.119,-3.103,SN,0.066,0.0198,6.222,9.194356313,60.35843439,9.29458371,0.875416374,139.9074511
564,ANG565,60.543,9.731,-3.116,SN,0.0702,0.0776,4.731,7.397057956,60.9061448,8.71419457,1.079707102,140.6601641
565,ANG566,61.069,9.643,-3.14,SN,0.106,0.0668,3.699,5.80118196,61.40051584,8.714755656,0.985667445,141.0990103
566,ANG567,61.506,9.016,-3.198,SN,0.0721,0.0173,3.02,4.793486709,61.98667873,7.670099548,1.429160618,142.1090505
567,ANG568,62.206,8.895,-3.171,SN,0.0772,0.0385,5.597,8.398567622,62.645819,7.663506787,1.307675912,142.6895798
568,ANG569,63.448,9.575,-3.049,SN,0.0816,0.02,5.127,7.978378435,63.448,9.15,0.425,143.023501
569,ANG570,63.864,9.777,-3.179,SN,0.0924,0.0833,2.914,4.769679504,63.864,9.554,0.223,143.0349889
570,ANG571,64.209,10.286,-3.204,SN,0.0434,0.0176,4.411,6.622686045,64.209,10.572,0.286,143.4001505
571,ANG572,64.692,10.996,-2.9,SN,0.0917,0.0245,4.446,6.74748895,64.692,11.992,0.996,144.6762703
573,ANG574,64.937,10.835,-3.028,SN,0.0334,0.00611,5.502,8.141419513,64.937,11.67,0.835,144.6201782
574,ANG575,67.025,9.751,-3.073,SN,0.131,0.018,4.757,7.253991634,67.025,9.502,0.249,146.1183569
575,ANG576,67.231,9.815,-2.864,SN,0.0597,0.0107,2.962,4.530408478,67.231,9.63,0.185,146.3098133
576,ANG577,66.967,9.751,-3.151,SN,0.104,-0.045,4.112,6.134474564,66.967,9.502,0.249,146.0608021
577,ANG578,67.93,8.821,-3.032,SN,0.104,-0.0575,2.682,4.137999209,67.93,7.642,1.179,147.5275597
578,ANG579,69.401,8.599,-2.982,SN,0.152,-0.0338,1.838,2.826103815,69.401,7.198,1.401,149.0500835
579,ANG580,70.485,8.535,-3.047,SN,0.0375,-0.0611,3.441,5.011363197,70.485,7.07,1.465,150.1007083
580,ANG581,71.752,9.513,-2.738,SN,0.0823,-0.00234,4.457,6.797702141,71.752,9.026,0.487,150.8686968
581,ANG582,73.088,9.462,-3.073,SN,0.11,0.0843,4.468,7.211080721,73.088,8.924,0.538,152.2078875
582,ANG583,73.092,9.463,-3.072,SN,0.0413,-0.0433,4.056,5.914691705,73.092,8.926,0.537,152.2116531
583,ANG584,73.033,9.174,-3.06,SN,0.045,-0.0366,3.209,4.508300943,73.033,8.348,0.826,152.2307628
584,ANG585,73.458,9.184,-3.148,SN,0.0668,-0.0379,3.656,5.45926251,73.458,8.368,0.816,152.647239
585,ANG586,73.756,9.518,-3.125,SN,0.0762,0.00109,3.527,5.432975731,73.756,9.036,0.482,152.8617785
586,ANG587,73.25,10.36,-3.107,SN,0.0655,0.0246,3.395,5.291363353,73.25,10.72,0.36,152.3379226
587,ANG588,72.544,11.385,-3.062,SN,0.0441,0.0344,4.812,7.354246553,72.544,12.77,1.385,152.0005146
588,ANG589,72.424,11.346,-3.059,SN,0.105,0.0268,3.486,5.412749884,72.424,12.692,1.346,151.8636169
590,ANG591,72.129,11.487,-2.954,SN,0.0637,-0.0113,4.902,7.062392116,72.129,12.974,1.487,151.6638803
591,ANG592,72.676,11.215,-3.157,SN,0.101,0.0457,4.043,6.541397105,72.676,12.43,1.215,152.039132
592,ANG593,72.724,11.246,-3.15,SN,0.0563,0.0631,2.793,4.341897045,72.724,12.492,1.246,152.1009048
593,ANG594,73.174,11.351,-3.141,SN,0.0633,0.0209,6.639,10.16738157,73.174,12.702,1.351,152.5893501
594,ANG595,73.455,11.149,-3.205,SN,0.0312,0.00101,4.196,6.287945033,73.455,12.298,1.149,152.7672364
595,ANG596,73.358,11.228,-3.207,SN,0.0706,-0.00586,2.933,4.389290906,73.358,12.456,1.228,152.7078573
596,ANG597,72.735,11.167,-3.178,SN,0.0606,-0.0219,4.14,6.047591468,72.735,12.334,1.167,152.0735491
597,ANG598,72.744,11.159,-3.199,SN,0.0995,0.0382,4.569,6.959969179,72.744,12.318,1.159,152.0785863
598,ANG599,72.65,11.3,-3.133,SN,0.0312,-0.0256,5.238,7.616894046,72.65,12.6,1.3,152.0567892
599,ANG600,72.532,11.355,-3.069,SN,0.0218,0.0229,3.113,4.956744149,72.532,12.71,1.355,151.9724149
